Gross_Margin,Operating_Margin,Net_Profit_Margin,ROE,Debt_to_Assets,Debt_to_Equity,Actual,Predicted
100.0,-49605.864,-30117.98,-0.24205,0.0,0.0,0,0
37.05348296192462,11.370476398310918,7.137770312278932,0.37735,0.345,1.8162,1,1
21.80503100549985,0.7740522201407186,0.3105558950521433,0.0067,0.0,0.0,0,0
763.504,92.0,92.0,0.078,0.1711,0.3893,1,1
31.936778093215196,15.748995832101754,18.717391752648187,0.0893,0.3288,0.5677,1,1
30.32123656577525,3.2903668524543224,1.2672725746812072,0.0166,0.1039,0.1471,0,0
63.63523512256196,25.16274830635522,15.795812905704606,0.3263,0.3999,1.3813,1,1
37.05348296192462,11.370476398310918,7.137770312278932,0.1646,0.17,0.3337,1,1
41.67360655850237,10.840876083930638,6.564634111080506,-0.24205,0.0,0.0,1,1
41.67360655850237,10.840876083930638,6.564634111080506,0.078,0.1711,0.3893,1,1
14.533197198507125,1.4059363825541789,-0.324370062117699,-0.0104,0.3289,0.8545,0,0
79.50151867071645,36.03001608004288,51.36144363051635,0.2057,0.4105,0.7622,1,1
43.968142422112905,10.260014054813771,6.160693370812837,0.0811,0.5251,1.6987,1,1
45.739627835048466,-4.280822429013701,-11.790696771843718,-0.24205,0.6067,2.3883,0,0
100.0,72.95968091758728,57.24160465103177,0.0977,0.4351,0.8296,1,1
25.26961344186954,13.2158616965111,8.497229361656423,0.2462,0.3251,0.802,0,0
41.67360655850237,10.840876083930638,6.564634111080506,0.37735,0.0213,-0.0937,1,1
37.05348296192462,11.370476398310918,7.137770312278932,0.1844,0.3586,1.023,1,1
23.87608961890354,14.770021372139375,7.2027471603871005,0.1419,0.0,0.0,0,0
56.96978907405921,6.093798387374264,4.064252698223359,0.0704,0.3305,0.7208,1,1
57.40080673357377,32.39241792459693,23.06218512634837,0.0911,0.0484,0.1159,1,1
40.14110098712547,4.939482553873515,2.737584143297829,0.1923,0.1549,1.1278,0,0
43.88952888128563,9.437550155092769,24.14342574516959,0.078,0.1711,0.3893,1,1
33.81354708261121,9.272097053726169,4.856296938186019,0.0699,0.2535,0.5303,0,0
100.0,29.049458621252516,18.91833070352032,0.0424,0.109,0.7318,1,1
-1680.2105263157894,-7803.228070175439,-7696.631578947368,-0.24205,0.0,0.0,0,0
79.3834190546167,73.90215527798188,52.075679647318154,0.1018,0.3036,0.4739,1,1
41.67360655850237,10.840876083930638,6.564634111080506,-0.24205,0.2838,0.4705,1,1
20.21371694194986,4.647724615955881,1.5836232860698911,0.0164,0.2665,0.4188,0,0
58.74567212992212,1.4071581712380157,-0.7460817119168283,-0.0172,0.3959,1.2467,1,1
38.68980229893326,12.800737689278169,8.035611020429409,0.1091,0.1561,0.2164,1,1
23.280461234093604,8.407315394383295,4.238018082049861,0.37735,0.5641,2.428325,0,0
24.51756359689758,7.584821933499701,4.717837773665394,0.0644,0.1356,0.2433,0,0
86.65629097585513,26.59192152917505,16.69297058350101,0.0801,0.0403,0.3771,1,1
42.62930512040141,1.9963405542632375,1.060641532052527,0.0322,0.1738,0.293,0,0
86.84107500633304,-5.043410174331575,1.4531469497731615,0.0046,0.1209,0.2163,1,1
45.1630180439506,3.3394783644569723,-5.326777235281288,0.37735,0.85145,-1.436475,0,0
100.0,30.358562529561535,17.841580372148254,0.0746,0.0254,0.1545,1,1
37.05348296192462,11.370476398310918,7.137770312278932,0.1912,0.4053,1.2624,1,1
14.80997801398509,1.2629560445010166,8.855570065958045,0.37735,0.0,0.0,0,0
100.0,-25348.75,-29177.499999999996,-0.24205,0.0585,0.0689,0,0
40.73663635174038,6.200111227427375,2.9765604553781735,0.0685,0.1241,0.1915,0,0
64.78260531754542,21.65167125075754,19.697450002330893,0.2583,0.5725,1.9358,1,1
100.0,53.85166843992977,33.36229120776027,0.1783,0.85145,2.428325,1,1
22.886216976449177,-0.0055154155865644,0.1571893442170867,0.003,0.2051,0.3714,0,0
43.64182842317836,14.512152454531876,8.85219202494532,0.1185,0.1501,0.2204,1,1
37.05348296192462,11.370476398310918,7.137770312278932,0.1074,0.2036,0.5906,1,1
37.123404891524416,4.3200518295221,3.002963547739849,0.086,0.0,0.0,0,0
49.23583099814298,8.00651719314387,4.07079925243423,0.1832,0.4022,1.673,1,1
37.05348296192462,11.370476398310918,7.137770312278932,0.2134,0.1656,0.3467,1,1
37.05348296192462,11.370476398310918,7.137770312278932,0.2488,0.1677,0.2452,1,1
41.67360655850237,10.840876083930638,6.564634111080506,0.0331,0.85145,-0.0598,1,1
75.04025152858769,31.91050615437987,7.19732103939919,0.0307,0.622,2.0741,1,1
37.05348296192462,11.370476398310918,7.137770312278932,0.37735,0.3682,1.4001,1,1
100.0,40.97202108555871,22.206453107802815,0.2049,0.3548,0.7142,1,1
35.974450341331185,10.192561289612438,11.848821473972285,0.0724,0.4061,0.7893,1,1
66.20696974118833,33.309366833370916,46.15656049772495,0.1015,0.1123,0.1459,1,1
37.05348296192462,-6.848977176901479,-4.379877429253522,-0.1332,0.0284,0.0504,0,0
37.629166809708536,-2.159360087884926,-3.096570428095712,-0.0657,0.243,0.3757,0,0
100.0,-1457.0792079207922,-1468.118811881188,-0.216,0.0147,0.0156,0,0
56.23312296511179,18.211416555731212,11.946801481882568,0.196,0.3103,0.5119,1,1
21.49523168281861,8.582419037947858,5.52495640080355,0.0548,0.3344,0.614,0,0
24.246223894294392,7.751144620158498,3.837887307518747,0.1713,0.1694,0.3432,0,0
37.05348296192462,11.370476398310918,7.137770312278932,0.0748,0.1789,1.0962,0,0
100.0,53.06764396602169,17.7898286759876,0.3469,0.5947,1.6447,1,1
38.80098113071308,10.705173390769955,2.4710105461425105,0.1152,0.6356,2.428325,0,0
79.7390138741966,-30.112314924786045,-28.147853948589475,-0.24205,0.013,0.0591,0,0
41.67360655850237,10.840876083930638,6.564634111080506,-0.24205,0.0,0.0,1,1
37.05348296192462,11.370476398310918,7.137770312278932,0.2033,0.4451,1.269,1,1
100.0,78.90800183352123,-0.0167246868766956,-0.0062,0.2384,2.428325,1,1
37.05348296192462,11.370476398310918,7.137770312278932,0.1556,0.2442,0.7055,1,1
92.21128021486123,29.57964413607878,18.56850129811996,0.1989999999999999,0.0392,0.0498,1,1
97.29459333955003,33.919517360888264,4.925682486588114,0.0266,0.6729,2.3269,1,1
-78.10924659899177,-171.18292935570747,-169.01457081693255,-0.24205,0.1074,0.141,0,0
37.05348296192462,11.370476398310918,7.137770312278932,0.1043,0.1559,0.2696,1,1
37.05348296192462,11.370476398310918,7.137770312278932,0.0964,0.0633,0.2102,1,1
28.369027534604896,11.370476398310918,7.137770312278932,0.1485,0.6478,2.2862,0,0
43.21052631578947,15.421052631578949,9.210526315789473,0.0785,0.3327,1.1476,1,1
100.0,9.12815843387207,10.417744483303329,0.06,0.1217,1.4436,1,1
23.58677464136272,-11.20466188660534,-11.22846868458343,-0.24205,0.0,0.0,0,0
39.57945193475463,4.464759758376705,0.3619463705295421,-0.1073,0.5449,-1.436475,0,0
43.88952888128563,9.437550155092769,1.149686940246171,0.078,0.1711,0.3893,0,0
69.44644082852183,22.361206444058627,12.212756221316,0.0314,0.4626,0.9689,1,1
39.10770581699132,12.9063809126714,6.276569784307999,0.0905,0.2828,0.7565,1,1
16.903633491311215,7.173366099116494,4.265402843601896,0.0729,0.289,0.6343,0,0
41.946796135199264,10.865917092012396,6.25638554273193,0.0423,0.0894,0.2967,1,1
36.327195781641954,3.649084486612856,0.2634767324789679,0.0082,0.3285,0.7354,0,0
24.121135164350186,4.602838538470659,2.585711603524829,0.0486,0.2984,0.5092,0,0
1122.8,-5.88235294117647,-64.70588235294117,0.078,0.1711,0.3893,1,0
29.448251291172877,14.751365509075711,9.260109700583618,0.37735,0.109,0.2626,0,0
30.854753347183134,3.5416321756823876,1.746890470875368,0.0624,0.3389999999999999,0.8086,0,0
45.152279359189905,7.971814791195625,7.622567491835275,0.0773,0.2535,0.5124,1,1
44.25040403332976,22.78313583055334,14.413462399412763,0.37735,0.0,0.0,1,1
90.1590300740041,2.877499606361203,-1.6119508738781294,-0.0046,0.0,0.0,1,1
100.0,5.782782240181343,5.652195338293993,0.0115,0.036,0.2184,1,1
10.38580619661404,1.1086713071737555,0.8236534112118751,0.0108,0.0012,0.0021,0,0
16.405152472386273,7.950818855461374,7.247331942835523,0.0952,0.2673,0.6681,0,0
37.05348296192462,9.391524132263736,2.4691896536823856,0.0331,0.3429999999999999,0.9158,0,0
38.81346690248659,14.786398875893935,8.656420617000007,0.37735,0.0492,0.0985,1,1
25.27684498474673,9.714377132068911,2.5630704812119403,0.0867,0.5208,2.428325,0,0
100.0,-82.82536185317788,-81.86297010312433,-0.1261,0.0,0.0,0,0
41.67360655850237,10.840876083930638,6.564634111080506,-0.24205,0.0,0.0,1,1
47.82417240843392,16.90928871159923,11.950803690429655,0.1364,0.2875,0.4645,1,1
41.67360655850237,10.840876083930638,6.564634111080506,-0.24205,0.0,0.0,1,1
31.60862219870138,-0.9715917957486074,-7.953890098855394,-0.0102,0.4179,0.7466,0,0
42.24937164788869,-2.59082449134313,9.773166107241082,0.0523,0.3101,0.5654,0,1
100.0,4.82085346215781,4.82085346215781,0.0139,0.0636,0.5812,1,1
72.07130193109397,23.543629306627057,34.54291053716038,0.0676,0.4383,0.9262,1,1
74.72218056562,-440.3764297754416,-569.3630077791513,0.37735,0.85145,-1.1352,0,0
61.736017493049864,23.81260763837377,17.473054123960704,0.1603,0.0539,0.1771,1,1
8.657730717901693,-36.61900874689158,-38.32861355479402,-0.24205,0.1803,0.5779,0,0
37.05348296192462,3.6994827563882433,-4.379877429253522,-0.0685,0.3331,2.1903,0,0
25.66677292530018,-5.15885665710339,-0.6534905961109341,-0.0078,0.0,0.0,0,0
43.88952888128563,9.437550155092769,23.453613581021887,0.078,0.1711,0.3893,1,1
93.05448686983554,72.93867549330002,49.064569577518355,0.0949,0.0,0.0,1,1
51.91364122548251,21.11770436630945,8.562163193285325,0.0241,0.5095,1.1392,1,1
22.625419384394466,10.629205469521857,5.4807887004172455,0.0903,0.2792,0.6788,0,0
82.93601798208124,-62.424415107480925,-63.67334662994269,0.37735,0.0,0.0,0,0
49.55356601523817,17.53844910167539,11.381338291465411,0.0919,0.0,0.0,1,1
74.40592008307416,70.77221211183544,71.03050772789015,0.132,0.3768,0.6689,1,1
63.519162592713606,44.32114862574698,37.50225199778923,0.1065,0.6048,1.5949,1,1
22.221096720392367,14.313477910586997,3.743445260564143,0.0524,0.4981,1.1508,0,0
37.05348296192462,11.370476398310918,7.137770312278932,0.0802,0.0822,0.1673,0,0
58.30234595091783,9.905408559681812,-3.1961876853176427,-0.017,0.6065,1.889,1,1
94.52026294135248,-4.412355999401556,39.08961699581089,0.2467,0.1636,0.5807,1,1
39.34173020821895,22.16068333627765,14.373361726102091,0.1118,0.0168,0.0194,1,1
37.05348296192462,11.370476398310918,7.137770312278932,0.0522,0.4677,1.4286,0,0
100.0,2.0249587944431364,4.185307275724041,0.0093,0.0918,0.6485,1,1
22.75377783526267,-8.631356571601026,-20.60806441182177,-0.24205,0.1489,0.4869,0,0
95.10910458991722,5.2671181339352895,-1.655379984951091,0.078,0.1711,0.3893,1,1
92.2468069796726,71.95538765965101,71.95538765965101,0.109,0.0,0.0,1,1
56.17035024548822,31.573819723091297,12.155559015100916,0.1289,0.5204,1.6586,1,1
43.88952888128563,9.437550155092769,-0.6898121641477026,0.078,0.1711,0.3893,0,0
37.05348296192462,11.370476398310918,7.137770312278932,0.1951,0.0917,0.4758,1,1
100.0,74.62545454545455,98.1818181818182,0.078,0.1711,0.3893,1,1
37.05348296192462,11.370476398310918,7.137770312278932,0.0786,0.2267,0.5549,0,0
100.0,-125.72304510414274,-129.8721875195855,0.37735,0.6716,-1.436475,0,0
26.601563607909306,1.5988107770810525,7.726028265732545,0.034,0.176,0.2739,0,0
32.04622322435175,-91.29086809470124,-92.01428034573468,-0.1636,0.0537,0.0637,0,0
34.05472457585615,8.30281697857043,5.908446619316927,0.0949,0.063,0.1546,0,0
41.67360655850237,10.840876083930638,6.564634111080506,0.37735,0.0375,-0.1475,1,1
75.41196737571376,4.25975136535273,-2.1221695498375497,-0.0285,0.0,0.0,1,1
50.95211418979155,32.193909260410194,18.78344334107007,0.2083,0.3485,1.7532,1,1
76.39300133140814,4.986917320272448,3.676550520886301,0.031,0.0,0.0,1,1
19.131419405062395,5.880965299238046,2.15847703521974,0.0801,0.3144,1.0096,0,0
45.56262121192132,28.30824438961964,16.24866419515284,-0.24205,0.85145,-1.436475,1,1
100.0,-195.38245541053507,-194.60246477042276,-0.24205,0.0,0.0,0,0
81.59347438328834,-39.22984186518707,-39.87986548318187,-0.24205,0.0,0.0,0,0
34.39658618613999,11.370476398310918,7.137770312278932,0.0873,0.3104,1.0307,0,0
18.74015849245779,9.518973890949134,7.185934062167264,0.1159999999999999,0.0699,0.1521,0,0
8.178498764373925,-2.2601857947760995,-5.673528203909867,-0.1311,0.0488,0.0696,0,0
100.0,24.963485615875943,15.764040779845514,0.1698,0.1054,0.1393,1,1
100.0,21.57813560367697,15.231044481460918,0.0999,0.1248,1.3512,1,1
37.05348296192462,11.370476398310918,7.137770312278932,0.2447,0.5897,2.428325,1,1
37.05348296192462,11.370476398310918,7.137770312278932,0.1657,0.1192,0.26,1,1
100.0,48.797855634374834,28.355986354036933,0.1018,0.0764,0.6098,1,1
22.29545454545761,7.954545454541187,3.6818181818194256,0.1559,0.5959,2.428325,0,0
36.2499764871118,-14.539116040805832,-14.727846156740048,-0.1681,0.0,0.0,0,0
29.191860087120475,6.774592029126845,5.552304791626033,0.1084,0.1766,0.3363,0,0
26.329564413043094,10.901044269344949,5.274895650646566,0.0505,0.4751,1.5982,0,0
19.555637919233668,11.021017234728696,1.7602655161791505,0.37735,0.4754,2.428325,0,0
46.15886455911441,17.12634903008641,-9.51521671235729,-0.24205,0.4103,2.428325,0,1
41.67360655850237,10.840876083930638,6.564634111080506,-0.24205,0.0,0.0,1,1
100.0,-1873.170731707317,-1788.2926829268292,-0.24205,0.0,0.0,0,0
17.09782104775151,-10.87389893370422,-23.384330088085303,-0.24205,0.0,0.0,0,0
33.741049480564236,9.024941619164249,5.086678532774425,0.0703,0.2645,0.446,0,0
37.05348296192462,3.303724135937408,4.112448273380419,0.078,0.1711,0.3893,0,0
54.164886800512605,-518.966253737719,-1093.0371636052969,-0.0807,0.1088,0.1262,0,0
35.90279372911078,5.371520740218305,4.609769400222008,0.1099,0.0215,0.0356,0,0
41.67360655850237,10.840876083930638,6.564634111080506,-0.2163,0.0,0.0,1,1
29.09728544156228,4.657040681885402,2.5876076009172726,0.1363,0.1163,0.2223,0,0
37.05348296192462,11.370476398310918,7.137770312278932,0.054,0.0461,0.2,0,0
71.52589446955217,67.59615206914206,75.02110603819327,0.134,0.3841,0.6549,1,1
38.22506667695558,-0.3385694236120824,-11.082602258094076,-0.24205,0.4539999999999999,1.5597,0,0
100.0,11.120720154094109,6.682652619992924,0.023,0.067,0.6736,1,1
100.0,30.183196910102406,22.508061372736616,0.088,0.0206,0.1934,1,1
27.91036756873111,15.653472000352544,13.566898898895504,0.1862,0.0,0.0,1,0
73.50662140098997,-46.84997538030943,-47.585974551014594,-0.24205,0.0,0.0,0,0
37.05348296192462,11.370476398310918,7.137770312278932,0.1136,0.2694,0.5723,1,1
37.05348296192462,11.370476398310918,7.137770312278932,0.37735,0.1658,1.8065,1,1
8.569034477587651,2.398641377862889,-1.6673482748559108,0.1968,0.5017,-1.436475,0,0
39.1529524004225,-23.779345122491396,-29.810214998807457,-0.24205,0.3829999999999999,1.2355,0,0
37.05348296192462,11.370476398310918,7.137770312278932,0.1702,0.4501,1.2285,1,1
41.67360655850237,10.840876083930638,6.564634111080506,-0.0266,0.0,0.0,1,1
21.489048428628767,14.385972428286037,10.94097380371501,0.1041,0.3806,1.3671,0,0
265.994462530806,188.8608634800864,126.21179876471842,0.346,0.5506,2.428325,1,1
45.390913576934686,-3.5476622797982076,-5.473604530276099,-0.0349,0.0,0.0,0,0
72.15410036546054,34.94502265207505,21.936595839110907,0.2034,0.0675,0.0876,1,1
79.90287431545366,5.435221015846559,2.902858703399921,0.0639,0.2467,0.4954,1,1
46.14997118891818,13.748375564471162,8.469919867160462,0.1688,0.1636,0.241,1,1
34.264317180616736,-4.8061674008810575,-25.748898678414093,-0.24205,0.0268,0.0535,0,0
41.67360655850237,10.840876083930638,6.564634111080506,-0.24205,0.1426,0.1994,1,1
37.05348296192462,11.370476398310918,7.137770312278932,0.37735,0.1905,0.3885,1,1
43.65065256985975,22.227794919111247,12.07621050968309,0.2242,0.3238,1.2717,1,1
19.403270850360094,3.627007308156116,2.1591557918005093,0.1009,0.1962,0.3612,0,0
25.131872411229512,13.94130350125677,20.38269550748752,0.0273,0.0,0.0,1,0
33.66405632567716,5.506802528456245,3.4394995099411783,0.0712,0.1701,0.2622,0,0
37.05348296192462,11.370476398310918,7.137770312278932,0.1414,0.118,0.5581,1,1
38.21825314447833,18.72767726447685,11.974700456168929,0.1948,0.0,0.0,1,1
52.68611944368694,-17.954311845776257,-18.08436995238195,0.1675,0.0,0.0,0,0
41.67360655850237,10.840876083930638,6.564634111080506,-0.24205,0.0,0.0,1,1
69.64669602217973,26.78468175955166,13.322658601313586,-0.24205,0.7887,-1.436475,1,1
28.08607076817329,20.955614672633676,15.723863235978085,0.0573,0.0094,0.0097,1,1
71.24292496145948,28.34579059555546,39.550091551137854,0.0673,0.4111,1.0597,1,1
55.66862776276037,9.82032119573859,2.1370647161710927,0.035,0.2026,0.5781,1,1
36.485896489829,15.078517051587967,6.182659662305392,0.1811,0.5428,2.041,1,0
67.93436414184005,-1.5509577287991565,-5.178270631447496,-0.0342,0.0018,0.0023,1,1
100.0,26.491383904778825,19.623378930538284,0.0871,0.1423,1.5985,1,1
54.0,2.0,4.0,0.078,0.1711,0.3893,1,1
43.2643773272652,15.626810095159287,7.004551096400497,0.1094,0.3278,1.1339,1,1
61.684512093732735,-61.5136863271175,-15.394288211143811,-0.0034,0.0458,0.0545,0,0
43.88952888128563,9.437550155092769,5.058622537083153,0.078,0.1711,0.3893,1,1
6.791044776119402,1.791044776119403,1.0447761194029852,0.078,0.1711,0.3893,0,0
100.0,29.05209764345345,28.36309838317658,0.2611,0.0995,1.8776,1,1
12.51882331018297,-66.79139995064389,-35.6834561360214,-0.2181,0.2235,1.3298,0,0
40.916654682909794,13.575389814491444,8.5218957413152,0.37735,0.4909,1.4094,1,1
37.05348296192462,11.370476398310918,7.137770312278932,0.1214,0.2822,0.7746,1,1
37.05348296192462,11.370476398310918,7.137770312278932,0.168,0.1688,0.3059,1,1
52.30659962466877,1.9632018969626883,1.326921708267173,0.0316,0.0687,0.1132,0,1
41.67360655850237,10.840876083930638,6.564634111080506,-0.24205,0.0,0.0,1,1
48.37277148886769,16.362051330741046,10.673548743488713,0.1261,0.1623,0.2299,1,1
41.67360655850237,10.840876083930638,6.564634111080506,0.1849,0.85145,-0.1388,1,1
37.36296408770041,8.983522989996503,6.9072271377473875,0.2231,0.1936,0.979,0,0
100.0,20.226225426122635,16.12058235349077,0.0846,0.0727,0.7922,1,1
54.17688822908726,4.6410608899999,-3.258362264377037,-0.0476,0.1639,1.3547,0,0
79.76149438358105,7.124418312221091,15.59388706714328,0.1019,0.3031,0.6745,1,1
100.0,16.505546819279388,17.90191882996915,0.049,0.2001,2.2622,1,1
53.57028498238873,0.6660262568043548,2.8434197886647454,0.0485,0.0888,0.1484,1,1
24.563334151849787,2.7826942564354415,0.8893896057632781,0.0399,0.5285,1.7664,0,0
37.05348296192462,11.370476398310918,7.137770312278932,0.0965,0.485,1.4884,1,1
41.67360655850237,10.840876083930638,6.564634111080506,-0.24205,0.1044,0.2267,1,1
37.05348296192462,11.370476398310918,7.137770312278932,0.37735,0.3265,2.428325,1,1
79.08560937902602,-127.8504251481577,-135.72291290904406,0.37735,0.1444,-0.1023,0,0
20.194450070893257,4.3548713793801905,1.164674903787725,0.0764,0.4969,2.428325,0,0
37.05348296192462,11.370476398310918,-4.379877429253522,0.078,0.1711,0.3893,0,0
-250.62344139650872,-2952.1197007481296,-2960.847880299252,0.37735,0.0275,-0.0423,0,0
41.67360655850237,10.840876083930638,6.564634111080506,-0.24205,0.1394,0.1701,1,1
41.67360655850237,10.840876083930638,6.564634111080506,0.078,0.1711,0.3893,1,1
19.32851981555576,11.03310402577561,8.806089543630822,0.062,0.0,0.0,0,0
30.5753939449734,4.231743862295414,-0.8916947866246963,0.245,0.1421,0.4289,0,0
5.249428385099511,-6.783320630779989,-4.014425910065922,-0.24205,0.0996,1.3727,0,0
85.52855537119306,-16.89717925386715,-24.470909382861425,-0.1796,0.1965,0.3783,0,0
37.05348296192462,11.370476398310918,7.137770312278932,0.1934,0.5617,2.2038,1,1
100.0,19.501969605717072,83.83774109314713,0.2356,0.1145,0.8715,1,1
13.17512274959176,4.091653027823389,1.391162029460853,-0.24205,0.4525,-1.436475,0,0
64.78158864931292,-58.40017875097755,-56.78695117863926,-0.0577,0.0,0.0,0,0
20.395678100928247,7.472902287996887,4.0649429431491715,0.0678,0.3484,1.0548,0,0
100.0,-1453.0840092699884,-3859.965237543453,-0.0635,0.0,0.0,0,0
45.221717499459224,9.803158122431322,6.225394765303916,0.0557,0.0,0.0,1,1
100.0,81.51640030607213,84.01483310483803,0.1493,0.7763,2.428325,1,1
25.00755296113747,-35.26917830563537,-47.961849447070506,-0.24205,0.2315,0.6356,0,0
37.05348296192462,11.370476398310918,7.137770312278932,0.37735,0.2777,0.6576,1,1
100.0,-3327.9019781973566,-6479.97219969883,-0.24205,0.0,0.0,0,0
54.59823932005053,7.132713109160806,4.3499469634013685,0.0554,0.2198,0.4153,1,1
73.3326322800007,10.60202954939797,4.620291988713041,0.1638,0.0041,0.0059,1,1
24.650154477243813,14.387802788379156,5.9629514240465245,0.043,0.0422,0.0615,0,0
70.31067096882519,27.44083344025369,10.224754518771254,0.37735,0.85145,2.428325,1,1
15.490116982654294,6.514723678902784,1.2505042355788625,-0.24205,0.743,-1.436475,0,0
29.266003379012577,-315.26187347475127,-633.9215318190351,-0.24205,0.0012,0.0018,0,0
37.05348296192462,11.370476398310918,0.206482758496088,0.0184,0.6472,2.428325,0,0
17.229058697290018,8.359968950480583,5.498732905641424,0.1265,0.0441,0.0682,0,0
100.0,-85.73982693234476,-69.06958449515768,-0.2108,0.0,0.0,0,0
22.658804407401107,5.875904821303698,3.789382170059156,0.1952,0.291,0.8089,0,0
100.0,14.624278687477377,11.917892809232802,0.0513,0.1669,2.0404,1,1
29.37274373008395,12.138811547867329,6.928932129283605,0.37735,0.5479,2.428325,0,0
69.52419641949251,11.809672630055708,7.449712897837944,0.0225,0.1378,0.1843,1,1
99.10346854791298,-336.3536155202822,-332.0767195767196,-0.24205,0.2192,0.3966,0,0
19.624209588703913,17.972866595038557,6.844069255943802,0.0491,0.2468,0.4752,0,0
78.30547307348155,50.19406243053933,31.012943194706455,0.151,0.6034,2.0466,1,1
29.29968291318134,2.2978033487811524,1.31784725310989,0.0535,0.1522,0.2912,0,0
14.527306086070418,-11.398655459656394,-8.017257103571348,-0.0491,0.0414,0.0527,0,0
66.25092224993851,16.432968378152985,17.129347980850483,0.0339,0.3792,0.6568,1,1
40.711697654121814,22.54105948004549,19.313162836211685,0.145,0.0,0.0,1,1
48.95683797492583,11.761891090056464,8.228060101445115,0.1001,0.0,0.0,1,1
88.18297800163715,66.57325535947375,33.609634147240804,0.0568,0.4427,0.836,1,1
41.67360655850237,10.840876083930638,6.564634111080506,0.37735,0.0,0.0,1,1
37.05348296192462,11.370476398310918,7.137770312278932,0.0983,0.1572,1.0756,1,1
68.74408934949628,3.425637177893972,2.113375069364659,0.0132,0.0,0.0,1,1
100.0,29.172636906631332,18.63850845347795,0.0642,0.0838,0.7452,1,1
78.69314529039674,19.668370112467763,12.380277677632757,0.12,0.0,0.0,1,1
100.0,34.48087167849613,22.405967843175123,0.1134,0.1264,1.1568,1,1
100.0,-4.8019636958695715,-10.555471377920544,-0.0831,0.0,0.0,1,1
31.037799981270293,11.370476398310918,7.137770312278932,0.1365,0.2151,0.4671,0,0
100.0,-9721.403763923448,-10359.568311536816,-0.24205,0.0583,0.1074,0,0
35.40610439754575,2.7654986180187175,1.647643646937029,0.0228,0.0063,0.0073,0,0
77.87810383747178,5.116629044394282,-1.655379984951091,-0.0245,0.1005,0.825,1,1
100.0,56.32607447080885,35.990187733975496,0.1185,0.1132,0.9508,1,1
37.05348296192462,11.370476398310918,7.137770312278932,0.0339,0.1859,0.4743,0,0
37.60223900402925,6.4781528216758755,1.2401380075759405,0.011,0.1146,0.7618,0,0
100.0,74.68137681411618,49.55138690704069,0.108,0.4687,0.9242,1,1
37.05348296192462,11.370476398310918,7.137770312278932,0.1644,0.3371,0.8951,1,1
57.082765598172855,-2204.6405151166687,-2741.892564721808,-0.24205,0.0008,0.0009,0,0
100.0,35.20324270582387,27.930098275400557,0.1074,0.09,0.8237,1,1
77.38547186795941,-155.2922677223446,-285.31606811952315,-0.24205,0.3372,0.6377,0,0
24.872767802263542,2.695437670564903,2.678227518214078,0.1742,0.1461,0.3472,0,0
71.43370528911109,33.56336061211214,21.80831464456464,0.0839,0.5922,1.6339,1,1
41.33149475027489,4.6109219979622935,3.0439104153175767,0.0458,0.2214,0.4492,0,0
50.3461448265188,14.854904146561063,9.698392408878036,0.2838,0.3979999999999999,1.227,1,1
37.05348296192462,11.370476398310918,7.137770312278932,0.1416,0.4475,2.428325,1,1
88.27078474971528,22.167688052497425,-8.002060849286838,-0.0271,0.638,2.309,1,1
37.05348296192462,11.370476398310918,7.137770312278932,0.0426,0.0249,0.3263,0,0
100.0,33.528773845842075,23.327162488566593,0.0904,0.1906,1.5071,1,1
13.867037922666444,6.172113789378897,3.417289653110256,0.1983,0.2033,0.5863,0,0
100.0,35.70396694692439,22.335384704284763,0.0938,0.1011,0.9853,1,1
42.37857223631505,14.674964508749476,9.359675544400742,0.1162,0.0,0.0,1,1
100.0,-3498.4326760563376,-3723.2,0.37735,0.7619,-1.436475,0,0
66.86590943337826,-26.146947785112996,-41.782889351355976,-0.24205,0.0,0.0,0,0
100.0,13.989311707553584,6.738283101609204,0.0995,0.0578,0.2736,1,1
61.697031904884106,31.756051663672913,20.142417244033872,0.1846,0.0,0.0,1,1
32.17797548957811,3.91655781192583,-0.5593166693936232,-0.0243,0.583,2.428325,0,0
53.0415060104332,11.245860739396688,6.9217509639374,0.0782,0.0,0.0,1,1
98.00941006152732,76.70104958378575,52.88635541078538,0.0574,0.3721,0.7036,1,1
27.72103301775455,8.022147684814222,4.747485997135137,0.1431,0.3053,0.7527,0,0
24.69953473824139,3.759259812929355,3.020866633395353,0.1399,0.1869,0.4248,0,0
37.05348296192462,-6.848977176901479,-4.379877429253522,-0.24205,0.201,0.4336,0,0
22.552514435883225,7.468401952196221,4.90444607326099,0.1219,0.3011,0.5644,0,0
37.05348296192462,11.370476398310918,4.291640893961941,-0.118,0.8290000000000001,-1.436475,0,0
75.37784640351673,17.719095768356617,9.557140775111964,0.0315,0.0,0.0,1,1
13.130693865558053,4.0572120221296,-0.1176836003963116,-0.0047,0.3598,1.1421,0,0
32.43283089711368,11.795170468652625,7.377678651509792,0.1737,0.345,0.7621,0,0
51.50346573684645,15.804693507322842,9.921332067317294,0.3766,0.5371,2.428325,1,1
27.809449900008953,16.225412649613467,11.7392472315912,0.1144,0.324,1.1367,1,0
100.0,-207.94059023982513,-280.1163762618144,-0.24205,0.0,0.0,0,0
41.67360655850237,10.840876083930638,6.564634111080506,-0.24205,0.0,0.0,1,1
23.844181571818165,8.31103427084679,3.756970997732862,0.12,0.4802,2.428325,0,0
37.05348296192462,11.370476398310918,7.137770312278932,0.1146,0.1085,0.1512,1,1
-604.2553191489362,-9502.978723404256,-8009.787234042553,-0.24205,0.0,0.0,0,0
16.374985415937463,7.78205576945514,4.130206510325516,0.1946,0.2665,1.0269,0,0
68.18899759230564,-28.370362266055217,-18.142666582086125,-0.1593,0.2879,0.4432,0,0
41.67360655850237,10.840876083930638,6.564634111080506,-0.24205,0.2115,0.4812,1,1
88.70144680091994,38.84287780234062,24.052826390260375,0.3312,0.0,0.0,1,1
14.739483549782676,-3.1396426314695067,-1.7851603165214138,-0.0386,0.0021,0.0047,0,0
25.875120031327413,11.45371825753736,5.890732508886081,0.1531,0.2864,0.6505,0,0
38.48468666108593,11.467804943759685,5.1197211557890485,0.1166,0.2997,0.6072,0,0
37.05348296192462,11.370476398310918,7.137770312278932,0.0614,0.1898,0.3685,0,0
100.0,68.56700935600743,61.70005295853262,0.1112,0.2908,0.425,1,1
20.42513772025303,-1.7170125659658468,-1.6699617287907802,-0.0443,0.0,0.0,0,0
32.22044800462713,9.33433670780191,3.381724384020847,-0.1796,0.85145,-1.436475,0,0
37.05348296192462,3.0628275843586383,-4.1468620664631,-0.0224,0.1516,0.7695,0,0
72.16081629558705,68.41670047775418,44.78787461866007,0.0882,0.4281,0.7664,1,1
34.17534651029279,5.199704748626261,1.8043139506274093,0.0353,0.3842,0.987,0,0
25.807971883103924,8.031387447696531,100.77751901679576,0.0953,0.3833,0.6920000000000001,1,1
41.67360655850237,10.840876083930638,6.564634111080506,-0.021,0.0,0.0,1,1
95.48872180451129,30.86015037593985,92.4812030075188,0.078,0.1711,0.3893,1,1
37.05348296192462,11.370476398310918,7.137770312278932,0.1421,0.0456,0.6413,1,1
37.05348296192462,11.370476398310918,7.137770312278932,0.106,0.2439,0.6203,1,1
60.35564119998414,11.902271847206002,6.735046696201798,0.0879,0.0,0.0,1,1
37.05348296192462,11.370476398310918,7.137770312278932,0.078,0.1711,0.3893,0,0
51.10426855811333,-51.04153330089878,-45.972780580237114,-0.24205,0.0,0.0,0,0
37.05348296192462,11.370476398310918,7.137770312278932,0.0986,0.3738,0.9468,1,1
39.635410545121175,3.9235090853529537,2.144519404809478,0.046,0.027,0.0393,0,0
63.210590198943606,15.501553415596517,12.384205271096077,0.0512,0.4905,1.196,1,1
44.703963894219285,-12.815740275570125,-17.167541034911586,-0.24205,0.4793,1.1749,0,0
15.372457234927433,5.470207919563904,3.691175448234122,0.0882,0.0556,0.0968,0,0
100.0,42.15190800556654,25.420542493713228,0.1746,0.0978,1.1339,1,1
30.989620670954537,0.7062398616427863,-3.4241724117267927,0.078,0.1711,0.3893,0,0
16.107144459078697,6.9960324418220585,4.169266171639366,0.2985,0.3954,0.9833,0,0
100.0,46.366648023060705,29.179753043927203,0.0874,0.0534,0.4517,1,1
26.567508654955763,4.740720779065547,3.5567358700919933,0.2253,0.2593,0.8288,0,0
22.034763122065787,6.518534092628156,3.838866083264318,0.1345,0.3001,0.5117,0,0
90.63641133825216,-46.64660591328186,-57.39160232590515,-0.0378,0.3872,0.6638,0,0
19.15774018874249,5.561482936225056,3.726165241734845,0.0514,0.3892,0.7451,0,0
39.12958109596292,29.359991121658886,15.746250181408412,0.0935,0.2795,0.8158,1,1
37.05348296192462,11.370476398310918,7.137770312278932,0.2001,0.4451,1.1915,1,1
30.05921259842519,27.401574803149607,11.023622047244094,0.078,0.1711,0.3893,1,1
29.830688165897424,6.730113391278092,3.6291409653625504,0.1571,0.2973,0.5939,0,0
33.06866624598746,21.033919619109003,13.009115126287815,0.1401,0.1576,0.2512,1,1
31.37596848127823,20.709020576813703,-11.78562146647934,-0.0493,0.5237,2.3084,0,0
37.05348296192462,11.370476398310918,7.137770312278932,0.0866,0.2197,2.428325,0,0
41.67360655850237,10.840876083930638,6.564634111080506,0.37735,0.0,0.0,1,1
30.811187013101225,-0.3240002845672628,0.454173705726381,0.0054,0.0,0.0,0,0
37.05348296192462,5.072593100387229,-4.379877429253522,-0.24205,0.4557,2.428325,0,0
37.05348296192462,11.370476398310918,7.137770312278932,0.37735,0.3634,1.1759,1,1
100.0,15.960713569853676,10.2080577269994,0.0283,0.2434,0.9639,1,1
37.05348296192462,11.370476398310918,7.137770312278932,0.1098,0.1067,0.1735,1,1
36.423968645147966,13.691546797239958,9.763559386034268,0.1885,0.413,1.1491,1,1
89.69206204327598,16.345362968775838,13.410852124151946,0.1604,0.0,0.0,1,1
8.721643367326605,-0.6544775028893544,-2.731270120312272,-0.0698,0.027,0.0448,0,0
70.56682338052893,66.00998795729944,38.2821802050661,0.0761,0.4318,0.7792,1,1
37.05348296192462,11.370476398310918,7.137770312278932,0.0947,0.4306,1.4116,0,0
100.0,27.74706517190494,19.085743232826022,0.0528,0.0954,0.8413,1,1
37.05348296192462,11.370476398310918,7.137770312278932,0.0461,0.3516,1.0369,0,0
100.0,42.68788846095088,27.40875941753974,0.0919,0.1001,1.0727,1,1
39.07367486789578,15.13168125556786,10.931648135041534,0.0768,0.0611,0.0723,1,1
37.05348296192462,11.370476398310918,7.137770312278932,0.1134,0.2831,0.6824,1,1
31.369879232772913,10.277054226852949,5.422685294814113,0.1345,0.3563,1.159,0,0
39.34304371553849,5.779182897683434,3.2095071416473777,0.0493,0.1718,0.2599,0,0
36.34529023393497,-0.8918423325806599,-0.8706260324003213,-0.0197,0.1525,0.24,0,0
42.45679871352523,13.028573541009465,8.178634049684543,0.1084,0.1776,0.3086,1,1
37.05348296192462,11.370476398310918,7.137770312278932,0.1769,0.208,0.5189,1,1
100.0,-134.16934852845844,-183.59487155208504,-0.24205,0.0581,0.0706,0,0
100.0,40.16059307572712,25.92573281255925,0.2083,0.1355,0.2236,1,1
41.67360655850237,10.840876083930638,6.564634111080506,-0.24205,0.0,0.0,1,1
34.332214226989386,-28.446597246438415,-17.03858498802412,-0.0906,0.002,0.0025,0,0
97.97539268872106,-282.9769882636599,-393.3553168102684,0.37735,0.6184,-1.436475,0,0
21.12213202161126,-2.2042139976292545,-3.8883463397243943,-0.0517,0.5996,2.1675,0,0
-1184.4444444444446,-16641.11111111111,-14250.0,-0.24205,0.0,0.0,0,0
32.85769980506822,24.249512670565306,16.990253411306043,0.3334,0.3826,0.9584,1,1
26.473902962521624,8.298936880415198,5.426145132692542,0.0796,0.0255,0.0302,0,0
31.076539684127713,12.524158818366612,7.58924172764163,0.0715,0.2697,0.6232,0,0
41.67360655850237,10.840876083930638,6.564634111080506,-0.24205,0.0,0.0,1,1
38.425177860846496,-19.399493548776075,-21.545882069215,0.1272,0.3418,-0.153,0,0
74.15492955969606,55.62879278174545,-100.12939770922354,-0.0577,0.3711,0.6235,0,1
95.97388465723613,-971.70837867247,-990.7508161044614,-0.24205,0.534,1.8519,0,0
63.93296948933624,27.56820197597161,17.305826663184533,0.0779,0.5072,1.7705,1,1
37.05348296192462,11.370476398310918,-4.379877429253522,-0.0622,0.3807,2.428325,0,0
47.31522633744856,-160.0164609053498,-188.3851851851852,-0.2038,0.1143,0.1721,0,0
100.0,40.917908349732926,32.35029519257802,0.0986,0.1769,2.0638,1,1
100.0,36.402166895893565,25.641507845173606,0.0925,0.0588,0.4455,1,1
37.05348296192462,11.370476398310918,7.137770312278932,0.1399,0.4779,1.6282,1,1
49.30948503500879,-6.457073983089054,-8.641327849696836,-0.1031,0.0,0.0,0,0
68.16455696202532,-299.7257383966245,-300.295358649789,-0.24205,0.0498,0.1309,0,0
72.08991149384045,29.842423155124987,47.294731491448395,0.3049,0.2102,0.3797,1,1
47.31102976425872,0.5646366113015204,-2.1399068459442834,-0.1154,0.4996,2.428325,0,0
58.02785426011785,19.763725398125224,12.40659823432966,0.0389,0.4317,0.818,1,1
37.05348296192462,11.370476398310918,7.137770312278932,0.2021,0.2534,1.0272,1,1
37.05348296192462,-6.848977176901479,-4.379877429253522,-0.24205,0.3861,1.2766,0,0
26.60277057637416,-0.2383009924843533,-2.449000968916123,-0.24205,0.0,0.0,0,0
5.080542986425339,17.588747671014108,11.04126481235028,0.078,0.1711,0.3893,0,0
22.22191451909815,13.171151873184195,9.413001294162868,0.1617,0.0703,0.1008,0,0
100.0,26.704377354158108,14.90057890762648,0.0476,0.1618,1.4836,1,1
86.04432528421457,32.34039589825728,20.94569891537109,0.1218,0.0,0.0,1,1
36.91044549186559,-152.79914854797022,-224.24509654857837,-0.24205,0.3339999999999999,0.7817,0,0
41.68456015567335,4.935247936657048,4.071327920552909,0.0387,0.0,0.0,0,0
100.0,10.3973223925718,7.1258907363420425,0.0311,0.1965,2.2818,1,1
10.33413942863105,4.259182862363633,2.8071130416517653,0.1019,0.0041,0.0068,0,0
73.97949686939391,31.22204815991999,41.73675129314204,0.0888,0.4479,0.9626,1,1
37.05348296192462,11.370476398310918,7.137770312278932,0.37735,0.3041,2.428325,1,1
34.24142180709606,10.69598495167672,-6.17500162158656,-0.0444,0.5281,1.6645,0,0
37.05348296192462,11.370476398310918,7.137770312278932,0.1993,0.0681,1.2468,1,1
31.336051527506942,-247.08385038113812,8.19594634521066,-0.24205,0.1698,-1.436475,0,0
51.495835580455086,16.23099267226057,10.048980794168816,0.2081,0.001,0.0013,1,1
37.05348296192462,11.370476398310918,7.137770312278932,0.0703,0.4079,2.428325,0,0
75.34734067532636,58.47917745560841,74.81186295976072,0.0251,0.0,0.0,1,1
37.05348296192462,11.370476398310918,7.137770312278932,0.1223,0.1738,0.3396,1,1
29.68013387180814,7.3408982997497905,5.785581038858035,0.1031,0.0,0.0,0,0
58.84229370203203,-20.582185910986688,-21.244929440667313,-0.24205,0.0,0.0,0,0
48.852287448956446,14.991135435571689,9.410624296733213,0.1154,0.2953,0.5978,1,1
100.0,43.09636017246566,27.44075670978308,0.1026,0.0832,0.8024,1,1
37.05348296192462,11.370476398310918,4.441099997320026,0.222,0.5565,2.428325,0,0
44.4183715314166,-10.668884129949424,-5.848179705654531,-0.008,0.271,0.3777,0,0
14.620034283712696,9.551616588670766,5.078082108493703,0.2189,0.302,0.8959,0,0
66.47037173352963,-54.44976076555024,-69.79020979020979,-0.24205,0.0,0.0,0,0
37.05348296192462,11.370476398310918,7.137770312278932,0.37735,0.2289,0.7749,1,1
20.6433465865832,17.910476003900285,13.829424886130392,0.1494,0.2522,0.4585,0,0
22.954204204204203,10.116366366366366,2.683933933933934,0.0656,0.5278,1.7692,0,0
16.330199363618387,0.3936937098890826,0.4260520970032538,0.0284,0.0479,0.1102,0,0
39.303364495082285,12.614422046937383,9.445905151426624,0.0839,0.0149,0.0181,1,1
100.0,22.949376829206788,17.1442330061707,0.0569,0.0793,0.6743,1,1
-25.8826859124036,-140.72383782636385,-145.5635746126088,-0.24205,0.4034,0.8498,0,0
46.29991035798753,14.2078961513653,8.91894902171576,0.0747,0.4843,2.428325,1,1
27.214571158473703,-7.4257691646613955,-8.317935716741149,-0.118,0.1804,0.3396,0,0
2726.8,100.0,100.0,0.078,0.1711,0.3893,1,1
100.0,-7.973797153828778,-3.8852496046984415,0.078,0.1711,0.3893,1,1
100.0,32.6487140196934,22.332011736331093,0.0829,0.0983,0.9051,1,1
41.662652961331375,-6.513166911404797,-8.18600097895252,-0.1294,0.0012,0.002,0,0
41.83221450019887,-4.831021280600921,-38.64179046699518,-0.1099,0.7136,2.428325,0,0
38.93555663387998,11.486791906991884,7.407742238776286,0.1044,0.0568,0.2459,1,1
100.0,38.16596169383584,24.079178746257305,0.0341,0.2603,1.3242,1,1
57.49237372837053,10.696409292934955,5.89591416113015,0.077,0.0005,0.0008,1,1
81.30861418882756,-50.903477309219305,-47.020462043568216,-0.24205,0.0,0.0,0,0
37.05348296192462,-6.848977176901479,-4.379877429253522,-0.1345,0.3518,0.7352,0,0
18.27179227786208,5.019655867032275,3.738696767208867,0.0918,0.0318,0.0529,0,0
37.05348296192462,11.370476398310918,7.137770312278932,0.1134,0.0519,0.4107,1,1
37.05348296192462,11.370476398310918,7.137770312278932,0.0427,0.2973,2.428325,0,0
88.65778974055722,38.738901010265785,31.64812209285201,0.2086,0.2557,0.5589,1,1
82.11751348282714,-810.6443372126029,-849.929037751916,0.37735,0.85145,-1.2113,0,0
100.0,31.0648978037964,19.08511265911824,0.0731,0.0659,0.6373,1,1
71.93935020131028,22.03823716630561,-1.5910323275241065,0.0368,0.85145,-1.436475,1,1
100.0,-393.7928302634185,-371.37254901960785,-0.24205,0.0,0.0,0,0
13.3523796302047,-2.5557232051848797,-2.6287908402412694,-0.1817,0.4711,2.428325,0,0
34.0483663977374,4.158594701521208,-2.5905899278223266,-0.1119,0.2943,1.0727,0,0
82.17727476467952,60.38304945465411,47.214440460182274,0.1698,0.645,1.9063,1,1
73.5427018874162,44.356656577030755,23.778551431316437,0.1434,0.6509,2.2016,1,1
53.67269742711345,23.10352210684081,14.63547800021411,0.2013,0.0232,0.0664,1,1
100.0,-215.65665541140925,-207.84609916474145,-0.24205,0.0,0.0,0,0
100.0,3.6051768439250234,-12.05602998117296,-0.24205,0.7781,2.428325,1,1
100.0,42.20144252249952,26.05731792940576,0.1179,0.1196,1.2388,1,1
64.89426159018059,36.39570791963099,63.66879055585959,0.1371,0.3,0.5172,1,1
9.146794218714923,0.8081366234394156,-1.9374557510662915,-0.1385,0.5442,2.0721,0,0
40.69252051880052,0.0865858916862091,-6.864948448205875,-0.24205,0.7983,2.428325,0,0
88.16183832689518,-25.876090052639753,-26.10773140177713,-0.1007,0.0,0.0,0,0
76.68109618336409,0.8802580066571237,0.8683579669903247,0.0155,0.0,0.0,1,1
39.32388237196508,12.067186149810706,7.575127025078506,0.1056,0.1784,0.3479,1,1
44.44444444444444,-6291.111111111111,-6866.666666666667,0.37735,0.85145,-1.436475,0,0
37.05348296192462,11.370476398310918,7.137770312278932,0.156,0.3504,0.9835,1,1
37.05348296192462,11.370476398310918,7.137770312278932,0.085,0.5418,2.428325,0,0
43.88952888128563,9.437550155092769,3.449060820738513,0.078,0.1711,0.3893,1,1
37.05348296192462,11.370476398310918,7.137770312278932,0.2013,0.3627,2.428325,1,1
46.44729541517104,5.815678325954277,3.778605641298563,0.0508,0.0,0.0,1,1
41.67360655850237,10.840876083930638,6.564634111080506,-0.24205,0.0,0.0,1,1
67.63996705783015,25.442771899258805,14.316167529366991,0.0711,0.042,0.0574,1,1
38.24211786817771,9.522059869200463,4.436817277101259,0.0433,0.3264,0.6701,0,0
100.0,22.01312975285171,12.467324144486692,0.0844,0.2087,2.428325,1,1
70.75958346835289,-44.412818244716725,-72.38244541561205,-0.24205,0.6208,2.428325,0,0
63.94381943959192,44.182796450283,27.95052756620781,0.37735,0.6127,2.428325,1,1
43.88952888128563,-2.299373880492342,-2.0694364924431077,0.078,0.1711,0.3893,0,0
100.0,87.37715792348813,87.37715792348813,0.0979,0.6862,2.428325,1,1
70.74970644727327,2.3911910853285847,1.9549445165905892,0.009,0.0,0.0,1,1
100.0,21.53500431208624,17.897497345365736,0.1038,0.2624,2.428325,1,1
-6.809367043586508,-69.79893271106138,-123.09811626827673,-0.1898,0.1115,2.1041,0,0
37.05348296192462,11.370476398310918,7.137770312278932,0.1361,0.0405,0.0504,1,1
100.0,-890.7995440482006,-810.568311349943,0.078,0.1711,0.3893,0,0
40.301184912429775,15.403861587121748,8.27078317518765,-0.24205,0.6273,-1.436475,1,1
100.0,-25782.35294117647,-26378.1512605042,-0.24205,0.2648,0.3954,0,0
37.034852283340705,13.523079191859608,1.4845401366563438,0.0537,0.5828,2.428325,0,0
37.05348296192462,11.370476398310918,7.137770312278932,0.0782,0.1521,0.264,0,0
38.051697782542085,6.695393533986504,3.506111805578819,0.0575,0.0,0.0,0,0
28.42332134586923,2.4298735985063895,1.4660064072191068,0.1252,0.0618,0.1772,0,0
41.67360655850237,10.840876083930638,6.564634111080506,-0.24205,0.0,0.0,1,1
102.85988541260464,25.107538170801213,12.642859285478597,0.0582,0.0454,0.4199,1,1
22.73028071511002,11.370476398310918,5.360496168644449,0.0195,0.2291,0.4537,0,0
69.16817397977039,6.124434494069829,-1.22914532184824,-0.0229,0.5027,2.428325,1,1
22.499004954639656,4.127493903917505,7.169816499910789,0.37735,0.4589999999999999,1.5083,0,0
8.885468582038502,-16.173165249682402,-18.29864164956513,-0.0836,0.0,0.0,0,0
100.0,-1471.794871641262,-1740.7925406163688,-0.24205,0.5809,1.7915,0,0
100.0,39.66510456220942,25.05047511437939,0.0914,0.0537,0.5489,1,1
37.05348296192462,11.370476398310918,7.137770312278932,0.1464,0.4639,2.3459,1,1
83.4667408187181,13.406955727252864,8.149442866506446,0.0729,0.0,0.0,1,1
85.76242903938827,26.317625154327136,16.520782149826754,0.1652,0.2462,0.7213,1,1
100.0,11.20465648061532,10.695353913314625,0.0465,0.0774,0.7663,1,1
37.05348296192462,11.370476398310918,7.137770312278932,0.1977,0.1914,0.4283,1,1
19.888812131978025,-7.625250830619429,-8.582519161814533,-0.24205,0.3922,1.4962,0,0
43.88952888128563,9.437550155092769,0.9197495521969368,0.078,0.1711,0.3893,0,0
71.21937368164855,24.104535128995614,33.90850640921629,0.1136,0.4723,0.9349,1,1
37.05348296192462,0.7062398616427863,7.137770312278932,0.078,0.1711,0.3893,0,0
6.39722495918837,-13.381277583580268,-12.669468978099246,-0.24205,0.0,0.0,0,0
44.78996388519293,1.7753278844326172,0.8021288728378635,0.0086,0.0,0.0,0,0
97.48159019910614,3.4802550107783334,0.8995703955113211,0.0167,0.3549,1.875,1,1
100.0,25.381201200687578,19.011741766652698,0.0781,0.0188,0.1475,1,1
94.8308223459677,29.10041219135191,17.54728530599483,0.0541,0.0234,0.1814,1,1
69.61014417282158,15.49595010549529,18.866176229698578,0.0564,0.5221,1.3035,1,1
32.76193101471262,7.983999995182069,4.663068962703321,0.1554,0.1509,0.504,0,0
28.894954274961815,-3.9946773966474862,-7.131319645341436,-0.24205,0.3268,1.4279,0,0
100.0,-3053.199208606161,-3234.0542339866706,-0.24205,0.4641,2.428325,0,0
104.551270318616,67.91549684804025,26.621975304109053,0.0885,0.5738,1.4369999999999998,1,1
21.179478227572964,10.47036100615473,11.220979013103436,-0.24205,0.6863,-1.436475,0,0
100.0,25.66564260112647,18.73186550605905,0.0579,0.0596,0.5177,1,1
22.8000406236804,2.9424373139194904,1.5903636353917778,0.0429,0.0511,0.1027,0,0
41.91563363952555,-223.19629002051192,-285.061981628467,0.2222,0.85145,-0.1996,0,0
41.67360655850237,10.840876083930638,6.564634111080506,-0.24205,0.1568,0.1986,1,1
54.65644777136449,18.887538651712426,13.605925704238524,0.37735,0.225,0.6281,1,1
100.0,-53084.93150684931,-52934.24657534247,-0.24205,0.0169,0.02,0,0
71.34739539848125,2.223690206404693,1.332807305667948,0.0279,0.0053,0.0065,1,1
37.05348296192462,11.370476398310918,7.137770312278932,0.1349,0.2321,0.5273,1,1
42.108111668947984,12.921573132577238,8.111464978490417,0.0649,0.0478,0.3387,1,1
37.05348296192462,11.370476398310918,7.137770312278932,0.1829,0.1573,0.2757,1,1
37.05348296192462,11.370476398310918,7.137770312278932,0.2858,0.0377,0.0645,1,1
58.86571974947259,-93.5100502276454,-59.79908354516025,-0.24205,0.0,0.0,0,0
12.054649648642492,-175.1056638727279,-178.6888923968366,-0.24205,0.148,0.1932,0,0
14.847666565142442,7.001748937920553,4.358497734544507,0.2843,0.1398,0.2989,0,0
29.802344809602033,6.074034479093255,3.2865172393960673,0.1021,0.4224,1.9337,0,0
44.71050365152608,8.109772179315721,-2.4759424064828885,-0.1211,0.7699,2.428325,0,0
69.9380623635686,-34.26091894865743,-36.51835945125739,-0.24205,0.1511,0.4454,0,0
61.19475564366805,6.426260256660317,1.0909265795457277,0.0414,0.4486,1.7815,1,1
100.0,22.10255253561896,15.621593173188977,0.0887,0.103,1.3177,1,1
37.05348296192462,11.370476398310918,-4.379877429253522,0.078,0.1711,0.3893,0,0
29.072604546954626,3.2315556466553916,2.022442743621055,0.0967,0.0,0.0,0,0
21.399978910205405,9.470093803937036,6.4931460450016045,0.1282,0.4038,0.8429,0,0
18.852126123157152,6.272814508234062,14.885479165253129,-0.24205,0.8241,-1.436475,0,0
74.29190977578074,-12.932287125835511,-12.990409764603314,-0.0608,0.1828,0.2659,0,0
22.242355605889017,12.978482446206115,7.7916194790486974,0.0743,0.1707,0.3004,0,0
56.53190204422857,40.30744849038919,29.906154996198246,0.1409,0.3029,0.9893,1,1
37.05348296192462,11.370476398310918,7.137770312278932,0.1246,0.2578,0.7467,1,1
100.0,15.873150374426707,1.0281792224574315,-0.0381,0.85145,-1.436475,1,1
72.90854449773705,46.44216632092002,29.838294078381388,0.2707,0.452,1.4264,1,1
-10.475199445022543,-51.57821713492889,-58.827610128338534,-0.104,0.1378,0.1927,0,0
43.88952888128563,9.437550155092769,5.111738073722526,0.078,0.1711,0.3893,1,1
45.47376314236027,13.19899806952887,8.446608912075815,0.0736,0.0,0.0,1,1
37.05348296192462,11.370476398310918,7.137770312278932,0.0152,0.3335,0.6889,0,0
9.87159654576714,1.1752310337735674,0.7347344823152464,0.0926,0.0945,0.2109,0,0
100.0,19.224574083634486,16.224057821373258,0.0899,0.2423,2.428325,1,1
42.19691525236332,5.826745535961082,3.1345016308253633,0.074,0.1904,0.4635,0,0
28.74427539974238,2.1819292530841,-4.640970353654199,0.37735,0.7817,-1.436475,0,0
35.80297453237521,9.855323163635706,9.556812254132067,0.0444,0.0561,0.0638,0,0
100.0,132.10342859224892,130.59620826602864,-0.0824,0.85145,2.428325,1,1
100.0,20.133408014664695,13.977290086053262,0.0399,0.127,1.0358,1,1
37.05348296192462,11.370476398310918,7.137770312278932,0.3489,0.6026,2.428325,1,1
37.05348296192462,11.370476398310918,7.137770312278932,0.2821,0.3863,2.1007,1,1
4.6869488469973,0.324218685503372,-0.2312309652860854,-0.0323,0.4749,1.4879,0,0
-0.7398965512776486,-6.848977176901479,-4.379877429253522,-0.24205,0.2154,0.4488,0,0
127.74387381466528,33.19876067974838,15.51028072481457,0.0693,0.132,0.195,1,1
81.1486332329241,18.59312433662116,7.746942257521599,0.0331,0.3599,1.0436,1,1
81.83226879322726,-46.16198646963226,-46.781057485165725,-0.24205,0.0,0.0,0,0
88.19767939372221,44.17717486642742,27.73204184204474,0.1813,0.0,0.0,1,1
72.4618947992103,14.48642450405942,11.805298139158872,0.1876,0.2781,0.7166,1,1
23.696610691115737,17.546492325662555,9.119245829855524,0.0805,0.4029,1.3836,0,0
37.05348296192462,11.370476398310918,7.137770312278932,0.1199,0.1674,0.5011,1,1
15.633615187612904,2.105373316936499,0.3975393968683722,0.0217,0.1448,0.5544,0,0
1.7264067663522409,-6.848977176901479,-4.379877429253522,0.078,0.1711,0.3893,0,0
18.08444826494904,3.320931032478749,1.0668275855631213,0.0614,0.2,0.8782,0,0
100.0,39.766657589912235,72.13506210594667,0.2317,0.0,0.0,1,1
72.02202202202203,15.899232565899233,13.463463463463462,0.0859,0.4779,2.428325,1,1
37.05348296192462,6.641862064957498,-1.4109655163899346,-0.0333,0.6668,2.428325,0,0
62.37533998186764,12.088244182532486,-2.357207615593835,-0.0169,0.4526,1.5432,1,1
12.229389673232143,3.659960854465745,0.1709938883498996,0.0079,0.0687,0.091,0,0
40.533702559178025,7.96487515830279,3.7488333747409697,0.3427,0.5168,2.428325,0,0
87.08449606365525,-23.465338447130517,-16.117831043332405,-0.1068,0.5104,1.1389,0,0
30.658291300198417,0.3574731941075766,6.1529889650378715,0.0758,0.0004,0.0007,0,0
29.5046492392541,4.911768381539872,9.387441227106883,0.3636,0.1828,0.5938,0,0
100.0,33.409394501670775,24.42700360952199,0.0828,0.0707,0.5668,1,1
24.553359894821845,18.23399470104978,12.925033869234722,0.1252,0.0833,0.1077,1,1
49.26837491852518,-0.3944173997661537,-0.4111087835903668,-0.0109,0.0145,0.0258,0,0
46.29951789630713,9.780580013984007,5.93358818762582,0.0753,0.4786,1.3528,1,1
61.39081348476546,21.211256821576825,-16.047501445010774,0.158,0.2699,-0.1496,1,1
46.02638522427441,15.029023746701847,6.733087071240106,0.1876,0.0051,0.0068,1,1
61.58492200732169,34.4885173993682,18.77612035692347,0.0537,0.4693,0.9486,1,1
80.96148798140024,4.428694641316984,-7.5692803839952,-0.0075,0.2663,0.4041,1,1
69.72891547264743,32.47702903368654,27.529960347248593,0.0721,0.4764,1.0404,1,1
83.99359743897558,-192.37695078031211,-209.6638655462185,-0.24205,0.0,0.0,0,0
100.0,17.019677908099816,9.746689748170914,0.077,0.512,1.6386,1,1
65.23006291463066,34.924238774681065,17.704973428331655,0.0497,0.3758,0.8095,1,1
34.09420939321901,10.232046614515143,6.485072823672801,0.2017,0.0,0.0,0,0
37.05348296192462,11.370476398310918,7.137770312278932,0.3039,0.4934,1.7515,1,1
37.05348296192462,11.370476398310918,7.137770312278932,0.2351,0.2642,0.6215,1,1
-5.148514851485149,2.709174917491749,-7.788778877887789,0.078,0.1711,0.3893,0,0
5.540620686311694,0.4473793100748573,0.3320931032478748,0.0559,0.1092,0.9612,0,0
24.93720379589513,12.476900015422226,7.111139809137962,0.153,0.413,1.1656,0,0
23.173638422118938,4.615063758789179,1.3913717077821477,-0.032,0.0954,-0.1534,0,0
91.74224477249612,15.580501941812946,9.763720585316028,0.0764,0.0959,0.607,1,1
16.271996193458612,-0.2684773557815997,1.537555016418476,0.0144,0.4243,0.9076,0,0
100.0,-172.86764705882354,-172.5,-0.24205,0.0,0.0,0,0
32.58435755938052,16.193164674091605,8.546057204673108,0.1521,0.4224,1.5293,1,1
47.70482155519895,7.483233915567275,4.6113451712227755,0.1183,0.0507,0.0899,1,1
81.07680862934721,-99.73963176492468,-92.2075506788172,-0.1046,0.0,0.0,0,0
39.231251502566735,15.113912235960726,9.827894238157416,0.078,0.0244,0.178,1,1
67.80290053671348,29.484983441817977,22.49057896539911,0.1615,0.1973,0.3689,1,1
26.63031532205481,15.172807420994012,9.757602288952553,0.1348,0.3859,0.8484,0,0
28.838426729874637,5.882247877735437,1.5515260600375884,0.0033,0.0017,0.0017,0,0
33.449346531539184,9.236868546150166,5.809013858563526,0.1995,0.0024,0.0044,0,0
62.632451524544074,9.269804656527066,-10.329416852879694,-0.24205,0.4339,2.428325,1,0
41.67360655850237,10.840876083930638,6.564634111080506,-0.24205,0.0,0.0,1,1
21.73123262279889,6.376274328081558,5.589434661723818,0.2077,0.0042,0.0074,0,0
100.0,36.03540223013636,24.01861970670681,0.0358,0.1076,0.6902,1,1
41.552055048955005,-8.203980671543004,-4.517540368349209,-0.067,0.5081,1.5166,0,0
73.70207360262793,28.08474054303752,13.024816506698148,0.022,0.4015,0.8048,1,1
100.0,5.089619744262661,39.86054497738567,0.179,0.0066,0.1029,1,1
64.48746532140484,6.763625027160307,3.4399906788974652,0.188,0.4714,2.0054,1,1
38.37099581548666,7.492462150148104,4.026424487200435,0.078,0.1711,0.3893,0,0
73.54813353472458,11.30090009555809,-2.196680126999784,-0.003,0.4012,0.8186,1,1
47.53742117479604,17.152961980548188,13.041284509582615,0.1294,0.3499,1.1088,1,1
21.027102883862955,4.018825549298985,2.182178619372823,0.1803,0.3706,1.2146,0,0
-64.98194155630951,-95.46459450585532,-96.29637736675058,-0.2333,0.0,0.0,0,0
37.54487474521665,-3.970017752646459,-3.6833453875994473,-0.0425,0.0969,0.1367,0,0
100.0,22.86643273347713,16.48585133438496,0.0687,0.0759,0.8273,1,1
29.18873053793558,21.83145234368564,14.81341131888953,0.37735,0.6064,2.428325,1,1
37.05348296192462,11.370476398310918,7.137770312278932,0.0814,0.0058,0.0065,0,0
16.39335210645464,2.3852907073049527,-0.7095135552978853,0.2038,0.6724,-1.436475,0,0
100.0,31.854783819725863,21.179802929873613,0.0712,0.0269,0.2302,1,1
69.72625910456006,-41.94915254237288,-41.62121578238807,-0.24205,0.001,0.0016,0,0
100.0,-1787.553912507702,-1360.56685150955,-0.24205,0.0064,0.0088,0,0
12.989479335948678,5.898333022158244,3.825023117178964,0.1067,0.2591,0.6233,0,0
41.67360655850237,10.840876083930638,6.564634111080506,-0.24205,0.2322,0.4045,1,1
41.67360655850237,10.840876083930638,6.564634111080506,0.37735,0.1848,-0.0992,1,1
95.70602902480783,27.274241919360215,4.125061761022188,0.0331,0.6666,2.428325,1,1
50.982209498742925,20.83930769432223,-10.415929078606222,-0.1143,0.5968,2.0457,1,1
4.665741383298635,-3.1205181586860977,-5.292620865139949,-0.0269,0.0011,0.0012,0,0
76.90736077248813,10.995645130245093,2.1110692287950727,0.0203,0.1904,0.3789,1,1
47.327220995293054,19.22973183992732,11.952926479565038,0.1749,0.0,0.0,1,1
40.67317382703147,3.8296442835280504,4.303684073009593,0.0399,0.0,0.0,0,0
44.45625624865535,-32.533505448194695,-22.431881746965843,-0.24205,0.0178,0.0225,0,0
63.11557580492392,6.110300675465463,5.062188452790011,0.0492,0.0,0.0,1,1
23.353985088732543,8.857502887745458,2.8247401029087476,0.1126,0.3154,1.9451,0,0
100.0,25.20683095164359,18.811662168738664,0.0508,0.1673,1.5744,1,1
100.0,33.24887032269075,23.046530091338767,0.0779,0.0532,0.4886,1,1
43.11645856891453,10.821083110836565,6.969861823485732,0.1112,0.0567,0.2922,1,1
41.67360655850237,10.840876083930638,6.564634111080506,-0.24205,0.0,0.0,1,1
50.22555601510451,12.34456610398241,7.832549468025849,0.132,0.0029,0.0033,1,1
100.0,69.72274694222646,50.09203885434442,0.1049,0.416,0.7334,1,1
63.35147962032384,17.71293335363687,16.277092533373942,0.1641,0.0,0.0,1,1
22.398455952206614,4.662934216504639,3.1376613233300668,0.0801,0.1203,0.2147,0,0
100.0,-58.38456507521256,-57.59101809461522,-0.1278,0.0,0.0,0,0
37.05348296192462,11.370476398310918,7.137770312278932,0.37735,0.0975,0.22,1,1
30.12753040263756,12.765350237185984,5.810261354106299,0.0589,0.0152,0.3121,0,0
37.05348296192462,11.370476398310918,7.137770312278932,0.1691,0.0084,0.1492,1,1
32.69928091580321,8.211223318998362,5.071908419678908,0.076,0.127,0.1772,0,0
100.0,31.589856270741073,21.63300902696764,0.0732,0.1738,1.4651,1,1
28.72033213314718,-30.806451612903224,-35.02792269821441,-0.24205,0.3562,0.7068,0,0
24.63741835383069,3.9647704059881663,1.7070789435445035,0.0968,0.3815,0.9778,0,0
37.05348296192462,11.370476398310918,7.137770312278932,0.0939,0.1653,1.28,0,0
41.67360655850237,10.840876083930638,6.564634111080506,0.37735,0.0,0.0,1,1
44.98872117084647,13.41517208731858,9.187171183577735,0.1998,0.0,0.0,1,1
64.8127315888314,16.196410287020925,6.920459711004688,0.0498,0.5759,2.1051,1,1
28.545038705137227,16.60802251935257,10.978184377199156,0.0775,0.3158,0.8557,1,0
100.0,11.867650321721769,7.466163745285112,0.024,0.0866,0.589,1,1
71.47265638802841,-40.05606529958422,-40.65205356827364,-0.24205,0.0159,0.0215,0,0
100.0,18.335603273805734,12.967936560467397,0.0206,0.1459,1.0355,1,1
28.751065643648765,-20.02344416027281,-19.525255754475705,-0.24205,0.0073,0.0149,0,0
100.0,34.58131264144843,23.02618816682832,0.0949,0.0,0.0,1,1
47.311037408187666,12.08207595513295,5.2098160906451065,0.0722,0.3784,1.3119999999999998,1,1
19.71070778992012,2.2168056489689687,1.7502161853277167,0.0363,0.1645,0.3573,0,0
41.67360655850237,10.840876083930638,6.564634111080506,-0.24205,0.0,0.0,1,1
50.25903665453314,22.22424447642428,14.897147210700076,0.0678,0.0,0.0,1,1
9.796263721180551,8.251400562753519,1.9224100876638504,0.0997,0.1365,0.1905,0,0
29.36608424073605,10.475225795560055,4.684730311471259,0.1586,0.4122,1.5457,0,0
100.0,-253.0751034923896,-7.658190419109466,-0.0081,0.0929,0.1225,0,0
37.05348296192462,11.370476398310918,7.137770312278932,0.1246,0.1119999999999999,1.9211,1,1
100.0,22.054928604329803,6.873272685398433,0.1123,0.0416,0.0976,1,1
59.52379368384637,-23.169652658120057,-19.641681025593265,-0.1534,0.0,0.0,0,0
28.16471153474758,-3.237014274902925,-12.114945973284373,-0.1582,0.4175,1.8272,0,0
37.05348296192462,11.370476398310918,7.137770312278932,0.1673,0.4341,1.3447,1,1
13.121286542103508,4.234364415399748,4.015200927827052,0.0943,0.1096,0.1693,0,0
96.55592807071017,-161.1500558772732,-190.2773544651021,-0.24205,0.452,0.9502,0,0
50.20952265273898,-12.086625470666828,12.596268644479531,0.1925,0.2447,0.5577,0,1
37.05348296192462,11.370476398310918,7.137770312278932,0.37735,0.1776,0.4553,1,1
33.30522496496117,3.0346719841264003,2.4787441769744296,0.0349,0.0401,0.1406,0,0
-337.07116687021204,-443.1722240726349,657.2710936761121,0.0762,0.0,0.0,0,0
32.15046713653499,-63.612522537288974,-70.48844451729225,-0.24205,0.0,0.0,0,0
100.0,-1100.0,-950.0,0.078,0.1711,0.3893,0,0
-42.621055366623665,-44.25643560258541,5.111738073722526,0.078,0.0,0.0,0,0
26.554044171420216,6.033347959631417,4.183121252011116,0.2152,0.2158,0.9509,0,0
41.67360655850237,10.840876083930638,6.564634111080506,-0.0485,0.0,0.0,1,1
56.782959351421226,7.446853353191608,26.000758736002023,0.37735,0.0,0.0,1,1
41.67360655850237,10.840876083930638,6.564634111080506,-0.24205,0.0,0.0,1,1
89.49659348978048,-41.786525359576075,-41.36386575826394,-0.24205,0.0,0.0,0,0
14.216538901070368,4.072745242228573,2.238808058354684,0.1625,0.2425,0.5976,0,0
37.05348296192462,11.370476398310918,7.137770312278932,0.2715,0.2666,0.4457,1,1
49.85917030873341,21.68287281371003,15.13443215956592,0.1696,0.0,0.0,1,1
45.541356870255456,-3.1807614527354646,-2.646999573098658,-0.0429,0.0166,0.0243,0,0
15.610888059545152,4.98790075561075,2.9021839982486823,0.1191,0.099,0.2369,0,0
41.984419922650254,5.941613297641303,2.731839277008894,0.1063,0.5134,2.428325,0,0
37.05348296192462,11.370476398310918,7.137770312278932,0.1593,0.0946,0.1536,1,1
62.47655185646298,14.332851833143092,9.237488618127536,0.1569,0.0898,0.1149,1,1
23.018934467784955,5.767628452399321,9.269733506733967,0.2744,0.1944,0.4142,0,0
69.66558194280967,0.9693277020009694,0.5511320362805512,0.0102,0.0836,0.1333,1,1
25.79567087595881,5.69628684114236,2.0470345820693936,0.0524,0.6963,2.428325,0,0
35.23924158406549,25.67541285439754,30.398872835306463,0.2526,0.0,0.0,1,1
7.296575398115047,-46.46469775755606,-37.84784286642834,-0.24205,0.1091,0.1508,0,0
13.588424437299034,2.135048231511254,-2.0836012861736335,-0.24205,0.6573,2.428325,0,0
100.0,-179.5946568401658,-410.75541225241824,-0.1873,0.0,0.0,0,0
15.747938755315223,9.281384083677189,3.935606229916506,0.1631,0.5384,2.1294,0,0
100.0,-132.93569341479318,-132.82702663543503,-0.24205,0.0,0.0,0,0
33.83138878434325,3.631915694392171,3.598042905532556,0.0436,0.0,0.0,0,0
37.05348296192462,11.370476398310918,7.137770312278932,0.125,0.1467,1.342,1,1
48.39120967977528,14.849646067415732,4.0,0.0156,0.1931,0.5128,1,1
37.05348296192462,11.370476398310918,7.137770312278932,0.1849,0.0839,0.3124,1,1
33.91823624558257,3.9387040145957424,3.283275456308596,0.0372,0.1629,0.2601,0,0
84.71317194138473,25.995643194335173,16.318659284028325,0.2708,0.85145,2.428325,1,1
37.05348296192462,11.370476398310918,7.137770312278932,0.1673,0.1542,0.414,1,1
65.13048306496391,-16.324264297612437,80.39977790116602,0.0681,0.257,0.4566,1,1
85.91045249406848,26.72759229343638,9.40516569823644,-0.24205,0.85145,-1.436475,1,1
40.39144315795436,21.666363458302857,2.439328703663477,0.078,0.1711,0.3893,1,1
24.493957470298927,8.65215539497134,7.923220969326934,0.1409,0.1561,0.2751,0,0
36.472835314091675,12.190152801358234,8.820033955857385,0.1504,0.089,0.162,1,1
31.42873448363142,-1.847247755143236,-7.319715266611253,-0.1939999999999999,0.2073,0.4111,0,0
100.0,33.19026400477626,23.257684970803663,0.1049,0.0047,0.0505,1,1
31.224369635021347,28.410559032955607,26.102831783837683,0.2472,0.1336,0.3067,1,1
54.30172735776677,17.45100956035729,9.612448289759383,0.0214,0.3431,0.5469,1,1
100.0,26.52257901300981,17.364402913077853,0.064,0.0556,0.4403,1,1
37.05348296192462,10.866877855511367,6.449007168522152,0.3112,0.2763,0.775,0,0
28.067364675875815,20.01168111624318,14.773932892523014,0.2299,0.5928,1.8007,1,1
91.70074123863404,52.07528146529995,34.51894172781419,0.0523,0.3736,0.6271,1,1
45.99751666322207,17.782963954479694,11.163183294366368,0.1445,0.0118,0.0162,1,1
37.05348296192462,11.370476398310918,0.7915172409016705,0.0023,0.1689999999999999,0.3832,0,0
45.27786213179471,-0.3947767992711812,-1.076876357775234,-0.0367,0.0337,0.0641,0,0
54.791484440677486,25.112277255300853,11.987133906742889,-0.24205,0.7097,-1.436475,1,1
100.0,-167.7396910802913,43.59664177373719,0.2055,0.4345,2.428325,0,1
7.8766962894266515,3.520516713793514,2.904512987024595,0.063,0.0057,0.0074,0,0
37.05348296192462,11.370476398310918,7.137770312278932,0.1427,0.3407,0.7891,1,1
22.560421906183795,4.729607885637685,2.901176353799573,0.1415,0.0131,0.0214,0,0
89.05010069942477,26.00507610200609,2.4039274054033983,-0.0374,0.85145,-1.436475,1,1
100.0,-3149.349522983521,-3093.66869037294,-0.24205,0.0,0.0,0,0
